<?xml version="1.0" encoding="UTF-8"?>
<project-private xmlns="http://www.netbeans.org/ns/project-private/1">
    <editor-bookmarks xmlns="http://www.netbeans.org/ns/editor-bookmarks/2" lastBookmarkId="0"/>
    <open-files xmlns="http://www.netbeans.org/ns/projectui-open-files/2">
        <group>
            <file>file:/C:/Users/migue/OneDrive/Documentos/NetBeansProjects/MiBiblioteca/src/biblioteca/ModeloLibros.java</file>
            <file>file:/C:/Users/migue/OneDrive/Documentos/NetBeansProjects/MiBiblioteca/src/biblioteca/MiBiblioteca.java</file>
            <file>file:/C:/Users/migue/OneDrive/Documentos/NetBeansProjects/MiBiblioteca/src/biblioteca/Libro.java</file>
            <file>file:/C:/Users/migue/OneDrive/Documentos/NetBeansProjects/MiBiblioteca/src/biblioteca/CargaDatosPrueba.java</file>
            <file>file:/C:/Users/migue/OneDrive/Documentos/NetBeansProjects/MiBiblioteca/src/biblioteca/Prestamo.java</file>
        </group>
    </open-files>
</project-private>
