<?xml version="1.0" encoding="UTF-8"?>
<project-private xmlns="http://www.netbeans.org/ns/project-private/1">
    <editor-bookmarks xmlns="http://www.netbeans.org/ns/editor-bookmarks/2" lastBookmarkId="0"/>
    <open-files xmlns="http://www.netbeans.org/ns/projectui-open-files/2">
        <group>
            <file>file:/C:/Users/migue/OneDrive/Documentos/NetBeansProjects/GymTonificate/src/gymtonificate/GymTonificate.java</file>
            <file>file:/C:/Users/migue/OneDrive/Documentos/NetBeansProjects/GymTonificate/src/gymtonificate/Persona.java</file>
            <file>file:/C:/Users/migue/OneDrive/Documentos/NetBeansProjects/GymTonificate/src/gymtonificate/Empleado.java</file>
            <file>file:/C:/Users/migue/OneDrive/Documentos/NetBeansProjects/GymTonificate/src/gymtonificate/Socio.java</file>
            <file>file:/C:/Users/migue/OneDrive/Documentos/NetBeansProjects/GymTonificate/src/gymtonificate/Monitor.java</file>
            <file>file:/C:/Users/migue/OneDrive/Documentos/NetBeansProjects/GymTonificate/src/gymtonificate/CargaDatosPrueba.java</file>
        </group>
    </open-files>
</project-private>
