<?xml version="1.0" encoding="UTF-8"?>
<project-private xmlns="http://www.netbeans.org/ns/project-private/1">
    <editor-bookmarks xmlns="http://www.netbeans.org/ns/editor-bookmarks/2" lastBookmarkId="0"/>
    <open-files xmlns="http://www.netbeans.org/ns/projectui-open-files/2">
        <group>
            <file>file:/C:/Users/migue/OneDrive/Documentos/NetBeansProjects/U4RefuerzoTrimestre1ClasesYObjetosPuntoCirculo/src/u4refuerzotrimestre1clasesyobjetospuntocirculo/Punto.java</file>
            <file>file:/C:/Users/migue/OneDrive/Documentos/NetBeansProjects/U4RefuerzoTrimestre1ClasesYObjetosPuntoCirculo/src/u4refuerzotrimestre1clasesyobjetospuntocirculo/Circulo.java</file>
            <file>file:/C:/Users/migue/OneDrive/Documentos/NetBeansProjects/U4RefuerzoTrimestre1ClasesYObjetosPuntoCirculo/src/u4refuerzotrimestre1clasesyobjetospuntocirculo/U4RefuerzoTrimestre1ClasesYObjetos.java</file>
        </group>
    </open-files>
</project-private>
